x1,x2,y
-0.5,-0.16589613269341502,0.0
-0.4475,-0.14861410478244932,0.0
-0.395,-0.13128656496341362,0.0
-0.3425,-0.11391881965995101,0.0
-0.29000000000000004,-0.09651618760832008,0.0
-0.2375,-0.07908399822857329,0.0
-0.185,-0.061627589992463865,0.0
-0.1325,-0.04415230878858048,0.0
-0.08000000000000002,-0.026663506285210723,0.0
-0.027500000000000024,-0.009166538291434425,0.0
0.025000000000000022,0.008333236883050954,0.0
0.07750000000000001,0.025830460068870756,0.0
0.13,0.043319772878176954,0.0
0.1825,0.0607958193456125,0.0
0.235,0.07825324756853384,0.0
0.2875,0.0956867113459893,0.0
0.33999999999999997,0.11309087181595134,0.0
0.39249999999999996,0.1304603990903013,0.0
0.44499999999999995,0.14778997388706594,0.0
0.49749999999999994,0.16507428915940617,0.0
0.55,0.18230805172085843,0.0
0.6025,0.1994859838663317,0.0
0.655,0.2166028249883636,0.0
0.7075,0.23365333318814022,0.0
0.76,0.2506322868807866,0.0
0.8125,0.2675344863944362,0.0
0.865,0.2843547555625904,0.0
0.9175,0.30108794330927796,0.0
0.97,0.3177289252265326,0.0
1.0225,0.3342726051437029,0.0
1.075,0.3507139166881141,0.0
1.1275,0.36704782483660564,0.0
1.18,0.38326932745746767,0.0
1.2325,0.3993734568423045,0.0
1.285,0.4153552812273567,0.0
1.3375,0.4312099063038151,0.0
1.39,0.44693247671666464,0.0
1.4425,0.4625181775515988,0.0
1.4949999999999999,0.47796223580954983,0.0
1.5474999999999999,0.4932599218683818,0.0
1.6,0.5084065509313012,0.0
1.6524999999999999,0.5233974844615382,0.0
1.705,0.5382281316028639,0.0
1.7574999999999998,0.5528939505855025,0.0
1.81,0.5673904501170141,0.0
1.8624999999999998,0.5817131907577168,0.0
1.915,0.5958577862802314,0.0
1.9674999999999998,0.6098199050127289,0.0
2.02,0.6235952711654708,0.0
2.0725,0.6371796661402362,0.0
2.125,0.6505689298222358,0.0
2.1774999999999998,0.6637589618541128,0.0
2.23,0.6767457228916467,0.0
2.2824999999999998,0.6895252358407699,0.0
2.335,0.7020935870755224,0.0
2.3874999999999997,0.7144469276365684,0.0
2.44,0.7265814744099113,0.0
2.4924999999999997,0.7384935112854407,0.0
2.545,0.7501793902949649,0.0
2.5974999999999997,0.7616355327293698,0.0
2.65,0.7728584302345725,0.0
2.7024999999999997,0.7838446458859263,0.0
2.755,0.794590815240753,0.0
2.8074999999999997,0.8050936473686761,0.0
2.86,0.8153499258594432,0.0
2.9125,0.8253565098079263,0.0
2.965,0.8351103347759992,0.0
3.0175,0.8446084137309984,0.0
3.07,0.8538478379604775,0.0
3.1225,0.8628257779629789,0.0
3.175,0.8715394843145453,0.0
3.2275,0.8799862885107101,0.0
3.28,0.8881636037837057,0.0
3.3325,0.896068925894641,0.0
3.385,0.903699833900405,0.0
3.4375,0.9110539908950616,0.0
3.4899999999999998,0.9181291447255089,0.0
3.5424999999999995,0.9249231286811832,0.0
3.5949999999999998,0.9314338621575979,0.0
3.6475,0.9376593512935117,0.0
3.7,0.9435976895815331,0.0
3.7524999999999995,0.9492470584519732,0.0
3.8049999999999997,0.9546057278297694,0.0
3.8575,0.9596720566643063,0.0
3.91,0.964444493431975,0.0
3.9624999999999995,0.9689215766113152,0.0
4.015,0.9731019351305948,0.0
4.0675,0.9769842887876896,0.0
4.12,0.9805674486421353,0.0
4.172499999999999,0.9838503173792311,0.0
4.225,0.9868318896460844,0.0
4.2775,0.9895112523594912,0.0
4.33,0.9918875849855618,0.0
4.382499999999999,0.9939601597910019,0.0
4.435,0.995728342065976,0.0
4.4875,0.997191590318482,0.0
4.54,0.9983494564401788,0.0
4.5925,0.9992015858436161,0.0
4.645,0.9997477175708239,0.0
4.6975,0.9999876843732294,0.0
4.75,0.9999214127628748,0.0
4.8025,0.9995489230349227,0.0
4.8549999999999995,0.9988703292614413,0.0
4.9075,0.9978858392564697,0.0
4.96,0.9965957545123776,0.0
5.0125,0.9950004701075351,1.0
5.0649999999999995,0.9931004745853229,1.0
5.1175,0.9908963498045199,1.0
5.17,0.9883887707611135,1.0
5.2225,0.9855785053815873,1.0
5.2749999999999995,0.9824664142877498,1.0
5.3275,0.9790534505331753,1.0
5.38,0.9753406593113388,1.0
5.4325,0.9713291776355344,1.0
5.484999999999999,0.9670202339906727,1.0
5.5375,0.9624151479570675,1.0
5.59,0.9575153298063249,1.0
5.6425,0.9523222800694582,1.0
5.694999999999999,0.9468375890773622,1.0
5.7475,0.9410629364737862,1.0
5.8,0.9350000907009578,1.0
5.8525,0.9286509084580095,1.0
5.904999999999999,0.92201733413238,1.0
5.9575,0.9151013992043606,1.0
6.01,0.9079052216249702,1.0
6.0625,0.9004310051673499,1.0
6.114999999999999,0.8926810387518738,1.0
6.1674999999999995,0.8846576957451848,1.0
6.22,0.8763634332333714,1.0
6.2725,0.8678007912695024,1.0
6.325,0.8589723920957564,1.0
6.3774999999999995,0.8498809393403808,1.0
6.43,0.8405292171897254,1.0
6.4825,0.8309200895356093,1.0
6.535,0.8210564990982746,1.0
6.5874999999999995,0.8109414665252022,1.0
6.64,0.8005780894660617,1.0
6.6925,0.7899695416240806,1.0
6.745,0.7791190717841229,1.0
6.797499999999999,0.7680300028177731,1.0
6.85,0.7567057306657335,1.0
6.9025,0.7451497232978439,1.0
6.955,0.7333655196510427,1.0
7.007499999999999,0.7213567285455954,1.0
7.06,0.7091270275799209,1.0
7.1125,0.6966801620043567,1.0
7.165,0.6840199435742046,1.0
7.217499999999999,0.6711502493824109,1.0
7.27,0.6580750206722362,1.0
7.3225,0.6447982616302814,1.0
7.375,0.6313240381602364,1.0
7.427499999999999,0.6176564766377288,1.0
7.4799999999999995,0.6037997626466532,1.0
7.532499999999999,0.5897581396973703,1.0
7.584999999999999,0.575535907927163,1.0
7.637499999999999,0.5611374227833549,1.0
7.6899999999999995,0.5465670936894872,1.0
7.7425,0.5318293826949682,1.0
7.795,0.5169288031086047,1.0
7.8475,0.5018699181164369,1.0
7.9,0.4866573393842983,1.0
7.952500000000001,0.4712957256455291,1.0
8.004999999999999,0.4557897812742757,1.0
8.0575,0.44014425484481173,1.0
8.11,0.42436393767732616,1.0
8.1625,0.40845366237061775,1.0
8.215,0.3924183013221495,1.0
8.2675,0.37626276523591545,1.0
8.32,0.3599920016185756,1.0
8.3725,0.3436109932643206,1.0
8.424999999999999,0.3271247567289309,1.0
8.4775,0.3105383407934934,1.0
8.53,0.2938568249182548,1.0
8.5825,0.27708531768707456,1.0
8.635,0.2602289552429616,1.0
8.6875,0.24329289971517046,1.0
8.74,0.22628233763833988,1.0
8.7925,0.2092024783641569,1.0
8.844999999999999,0.19205855246603443,1.0
8.897499999999999,0.17485581013728568,1.0
8.95,0.15759951958329865,1.0
9.0025,0.1402949654081859,1.0
9.055,0.12294744699641684,1.0
9.1075,0.10556227688992245,1.0
9.16,0.08814477916117101,1.0
9.2125,0.07070028778271245,1.0
9.264999999999999,0.05323414499369137,1.0
9.317499999999999,0.03575169966382634,1.0
9.37,0.01825830565536293,1.0
9.4225,0.0007593201834935645,1.0
9.475,-0.0167398978242474,1.0
9.5275,-0.03423398936911329,1.0
9.58,-0.05171759702229664,1.0
9.6325,-0.06918536656559987,1.0
9.685,-0.08663194863112275,1.0
9.737499999999999,-0.10405200033946409,1.0
9.79,-0.12144018693593858,1.0
9.8425,-0.13879118342430105,1.0
9.895,-0.15609967619748663,1.0
9.9475,-0.17336036466486116,1.0
10.0,-0.19056796287548539,1.0
